{"cameraMode":{"drawMode":0,"name":"Shaded","section":"Shading Mode"},"sceneLighting":true,"audioPlay":false,"sceneViewState":{"showFog":true,"showMaterialUpdate":false,"showSkybox":true,"showFlares":true,"showImageEffects":true,"showParticleSystems":true},"in2DMode":false,"pivot":{"x":-10.138832092285157,"y":5.76786470413208,"z":2.5898141860961916},"rotation":{"x":-0.10660266876220703,"y":-0.7911196947097778,"z":0.14421622455120088,"w":-0.5848299264907837},"size":1.2247447967529297,"orthographic":false}