{"cameraMode":{"drawMode":0,"name":"Shaded","section":"Shading Mode"},"sceneLighting":true,"audioPlay":false,"sceneViewState":{"showFog":true,"showMaterialUpdate":false,"showSkybox":true,"showFlares":true,"showImageEffects":true,"showParticleSystems":true},"in2DMode":false,"pivot":{"x":-16.06713104248047,"y":136.088623046875,"z":61.9772834777832},"rotation":{"x":0.5029368996620178,"y":0.49693575501441958,"z":-0.5084068775177002,"w":0.4915844798088074},"size":1.2247447967529297,"orthographic":false}