{"cameraMode":{"drawMode":0,"name":"Shaded","section":"Shading Mode"},"sceneLighting":true,"audioPlay":false,"sceneViewState":{"showFog":true,"showMaterialUpdate":false,"showSkybox":true,"showFlares":true,"showImageEffects":true,"showParticleSystems":true},"in2DMode":false,"pivot":{"x":-2.69439959526062,"y":1.8282935619354249,"z":18.893878936767579},"rotation":{"x":-0.05675242468714714,"y":-0.9124864935874939,"z":0.38183119893074038,"w":-0.13565611839294434},"size":1.2247447967529297,"orthographic":false}